DAILYTIMEBRACKET,YEAR,VALUE
BASE,2025,0.75
BASE,2030,0.75
RAMP,2025,0.166667
RAMP,2030,0.166667
PEAK_HOUR,2025,0.079167
PEAK_HOUR,2030,0.079167
CRITICAL_HOUR,2025,0.004167
CRITICAL_HOUR,2030,0.004167
